title,body,subreddit,created_utc,url,score,preprocessed_text,Length,Sentiment
A Nike Edit,,Unexpected,2025-06-05 12:12:33,https://v.redd.it/uxnhur97o35f1,78351,canadian starting today avoid anything u last iphone ’ american car never buy one including tesla microsoft office subscription cancelled open source fine youtube subscription anymore nike etc trip u ’ take resource thanks everyone thumbsup Canada made canada,39,Neutral
Nike ad that aired during the Summer Olympics in 2000 that was pulled off the air due to complaints,"Further news on the ad being taken down off the TV network
https://www.theguardian.com/world/2000/oct/01/sydney.sport",Damnthatsinteresting,2024-06-23 11:02:15,https://v.redd.it/hu157gvfza8d1,61694,chau nine month ago dallas maverick nba finalsnine month later team reduced pile rubble object pity one month harrison ’ entire vision team ’ next season completely disintegrated look away mavs bros another nice tidbit tuesday night harrison issued statement irving ’ injury lauding passion work ethic comparing kyrie ’ dedication kobe bryant ’ need reminder landing current gig maverick general manager harrison nike vp overseeing brand management company ’ basketball division worked closely kobe indeed statement read like written someone still primarily invested expanding kobe brand—as “ working closely ” bryant paint harrison virtuous mavs fan clamoring lakers reference point time,102,Positive
A Nike ad that aired during the 2000 Summer Olympics that was pulled off the air due to complaints.,,interestingasfuck,2024-09-18 15:16:31,https://v.redd.it/zqnzuxy34lpd1,54202,til mavs gm nico harrison working nike botched presentation steph curry called seth presentation used made kevin durant along offering curry signature shoe caused curry switch nike sign armor,29,Neutral
Hope Nike doesn't sue him for this,,funny,2025-06-07 13:14:29,https://v.redd.it/o0snwcb59i5f1,24255,charania breaking indiana fever ’ caitlin clark – pick wnba draft – nearing lucrative eightfigure endorsement deal nike per industry source clark set receive signature nike shoe,27,Neutral
‘My hoo haa is gonna be out’: US Olympians slam Nike for skimpy women’s track kit,,nottheonion,2024-04-13 23:47:23,https://www.theguardian.com/sport/2024/apr/13/nike-olympic-track-and-field-uniforms-women-sexism,23435,amick dallas maverick interested acquiring kevin durant pair kyrie irving anthony davis source latest kevin durant landscape nba trade deadline nears league source say dallas maverick fresh luka dončićforanthony davis swap sent shockwaves association dream adding durant daviskyrie irvingled group likelihood dallas pulling appears unlikely mere idea durant joining dallas ’ starstudded group shed new light thinking maverick general manager nico harrison roundly ridiculed dončić deal whether ’ durant later perhaps even los angeles lakers ’ lebron james summer decline player option next season yearold harrison appears targeting bigtime star ’ familiar past life top nike executive goal course win championship soon possible,103,Positive
"Nike lays off more than 1,500 people as CEO says ‘I ultimately hold myself and my leadership team accountable’",,nottheonion,2024-02-19 19:45:42,https://fortune.com/2024/02/16/nike-lays-off-more-than-1500-people-ceo-john-donahoe/,20569,alex eala received sampaguita nike — “ kung may tinanim may aanihin ” “ sampaguita flower country reminder come everything brought ang sampaguita ay paalala ng aking pinanggalingan ng kulturang lagi kong daladala thanks nike get bring onto wimbledon centre court bitbit ko sa bawat galaw kung may tinanim may aanihin ” hayyy napakaganda mo alex whiteheart,57,Positive
"As a Canadian, starting today I will avoid anything US. You?","This is my last iPhone, I don’t own an American car and will never buy one (including Tesla), my Microsoft Office subscription will be cancelled (Open Source is fine), no YouTube subscription anymore, no Nike, etc. no trips to the US.

What’s your take ?

Resources - thanks everyone 👍
🇨🇦[Made In Canada](https://madeinca.ca/grocery-store-guide/)
",AskCanada,2025-02-01 12:30:41,https://www.reddit.com/r/AskCanada/comments/1if5bgz/as_a_canadian_starting_today_i_will_avoid/,20239,big summer haul review europe mycnbox trapstar stussy nike acne studio gallery dept hi guy welcome latest haul review total weight package kg bought together friend used mycnbox shipped parcel kg paid € total three since many item try keep review short also photo limit need detailed photo item dm also link working anymore wont including gallery dept short remind ee short pretty similar feel like bit thicker could still little paint splash look good sizing tt rating gallery dept tee really good probably best quality tee ever owned must cop fit tt youre looking slimmer fit size cuz baggy rating casablanca set one pretty pricey mine dont know much brand quality good dont know accuracy tho rating cant rate cuz really style denim tear tee print best material also pretty thin rating denim tear set one really nice thick material look accurate like denim tear must imo fit tt rating broken planet hoodie print pretty puffy fit small cant even wear size maybe even twice rating broken planet vest nothing special look nice kinda overpriced tho rating acne jean similar quality pretty nice cheap tho pretty accurate minor flaw nothing big fit true waist size rating stussy jean best one material pretty thin print quality also best would pas rating acne studio tee good quality basic tee fit bit big size rating would higher basic acne studio long sleeve also pretty basic think cant really go wrong like design go rating would higher bit basic trapstar tee baggy expecting slimmer fit definitely size cop print look good doubt anyone notice brand tho reting ami tee basic tee like design good accurate tho price kinda expected rating white short print best sure retail like ’ look like last washing rating cap let photo speak good fitting best accuracy wise doubt anyone notice flaw psd underwear good similar retail,308,Positive
"[Chau] ""Nine months ago, the Dallas Mavericks were in the NBA Finals....Nine months later, the team has been reduced to a pile of rubble, an object of pity. ...In one month, Harrison’s entire vision of the team’s next few seasons has completely disintegrated.""","[Look away, Mavs bros.](https://www.theringer.com/2025/03/05/nba/kyrie-irving-injury-dallas-mavericks-luka-doncic-trade-nico-harrison) Another nice tidbit:

>On Tuesday night, Harrison issued a statement on Irving’s injury, lauding his passion and work ethic, comparing Kyrie’s dedication to Kobe Bryant’s. Should you need a reminder, before landing his current gig as Mavericks general manager, Harrison was a Nike VP overseeing brand management for the company’s basketball division, where he worked closely with Kobe. Indeed, the statement reads like it was written by someone still primarily invested in expanding the Kobe brand—as if “working closely” with Bryant in itself paints Harrison as virtuous. As if Mavs fans are clamoring for more Lakers references at this point in time.  ",nba,2025-03-05 15:33:11,https://www.reddit.com/r/nba/comments/1j45qqa/chau_nine_months_ago_the_dallas_mavericks_were_in/,19564,patta x nike air max sapphire got sapphire pair mail put straight foot yellow pair way comfortable hell ’ little disappointed used synthetic leather instead real deal,27,Neutral
Florida divers find over $1 million worth of cocaine labeled with Nike SB logos,,pics,2024-06-07 18:26:38,https://i.redd.it/irhr5z45075d1.jpeg,19404,nike removed multiple russell growth defensive index mean nke still worth long term investment given recent positive sentiment despite year year decrease sale time move nike,26,Positive
Just saw a Nike exec fall down to his knees.,,nba,2024-11-25 14:33:16,https://streamable.com/8v3vpl,15950,nike vomero review km decided review since may nakita akong nagtatanong may mga lumalabas na ring sale sa lazada got shoe around k lazada ng sale training sub k looking shoe help pile mile like protects foot leg favorite aspect ng shoe na naka pag lsd na ako dito multiple time walang kahit anong sakit run stable kinda unexpected since mataas nga stack pero tried stride feel foot planted ground properly although chunky heavy nga best picking pace price cheaper max stack shoe big brand minsan malaki din magsale ang nike get cheaper pa bouncy idk feel like break periodand siguro nasanay na rin ako sa weight nya pick pace easier feel bounce kung yung first run ko dito eh ramdam na ramdam yung chunkiness ng sapatos ngayon find easier pick pace minkmpero baka result lang din yun ng training ko idk used k easy plus k race pace run hesitant use shoe particular workout pero nakaya dislike chunky heavy although compare shoe max stack shoe brand almost weight lang sila short lace still proper heel lock barely buy someone who looking shoe na maproprotect yung foot leg mo run especially longer run looking exactly kind shoe help build mileage im happy purchase buy youre looking shoe better look something like novablast maybe boston youre looking fast shoe shoe best people na may rotation cause mainly easy long run youre looking train properly best shoe kasi di mo magagawa lahat ng workout kung eto lang,245,Neutral
Reebok or Nike,,funny,2024-01-26 20:23:59,https://v.redd.it/kq2dk9fufuec1,15747,nike pegasus premium review – first impression qc wc comment downarrow price yuan shipping size run slightly large using gym would go tt batch top batch aka topranking shipping time day uk via rmg package unboxing first look straight away thing came double boxed classic orange nike performance box slightly dented nothing crazy grinningsquintingface pulled shoe wow initial impression clean af upper mesh look breathable structured zoom air unit bouncy clear orange hit cool definitely got “ spent lot money ” look without spending money facewithtearsofjoy ⸻ checkmarkbutton quality check shape toe shape clean taper like retail heel cup sits firm material upper breathable engineered mesh feel close ’ expect legit pegasus premium tongue padding point lace setup extra detailed double lace loop ’ pleasantly surprised good material swoosh swoosh placement solid warping floating black paint opaque correct shape size ’ seen retail comparison sole unit zoom air unit look fire – orange chamber evenly filled ’ look underpressurized warped midsole foam right density super bouncy early feel ’ run yet ’ attached photo squish brandingdetails text hit like “ pegasus premium ” tongue side tab well aligned imo inside collar sockliner also look solid material super soft around sockliner testtube fit comfort fit tt – feel true size nike running shoe snug around midfoot roomy toe box ’ worn pegasus vomero ’ similar fit personally usually size half nike considering ’ wearing exercise suggest going tt foot room breathe comfort early impression super comfortable underfoot ’ comment fully get gym session run feel promising running fire final verdict honestly price banging rep ’ looking solid runner actual performance potential deliver ’ got enough techlook accuracy pas retail glance feel great foot ’ usually hesitant run rep ’ heard mixed review longevity performance genuinely feel legit ’ super excited try would gym yep would run planning would wear casually let know ’ want update wear time – especially running gym performance runningshoe fire,323,Positive
Wife snooped my phone and ordered a pair of shoes I designed on the Nike app for Christmas. They came today. I love em. ,Or,MadeMeSmile,2025-01-06 20:33:49,https://www.reddit.com/gallery/1hv928q,15055,nike lunar roam tshirt north face x brain dead short north face runningshoe nike lunar roam billedcap bristol white sox minor league,22,Neutral
"TIL Mavs GM Nico Harrison, while working at Nike in 2013 botched the presentation to Steph Curry, where he called him Seth, & the presentation he used was made for Kevin Durant. This, along with not offering Curry a signature shoe, caused Curry to switch from Nike & sign with Under Armor.",,todayilearned,2025-02-02 08:59:13,https://wikipedia.org/wiki/Nico_Harrison,11072,nike sneakerheads start journey would first silhouette jordan airmaxs dunk afs etc since first one im assuming would breaking bank something good quality stylish sneaker rock need recommendation,28,Neutral
"[Charania] Breaking: Indiana Fever’s Caitlin Clark – the No. 1 pick in the WNBA draft – is nearing a lucrative, eight-figure endorsement deal with Nike, per industry sources. Clark is set to receive her own signature Nike shoe. ",,nba,2024-04-18 02:04:31,https://x.com/shamscharania/status/1780779250054041652?s=46&t=mLlHkULTWtGiAcwn5da2fQ,10702,collection nike sb dunk yuto kickz lucas let photo speak let know thought question comment ’ know ’ taken long get banger shout kickz lucas pair og seller always professional great communicator quick ordering qc shipping process great sourcing whichever rare pair might highly reccomend wc detail seller kickz lucas whatsapp mention username discount,54,Neutral
Reebok or Nike,,SipsTea,2024-01-26 20:25:54,https://v.redd.it/evkfxnp6guec1,9622,collection nike sb dunk yuto kickz lucas let photo speak let know thought question comment ’ know ’ taken long get banger shout kickz lucas pair og seller always professional great communicator quick ordering qc shipping process great sourcing whichever rare pair might highly reccomend wc detail seller kickz lucas whatsapp mention username discount,54,Neutral
Nike ✅,,FunnyAnimals,2025-01-08 20:09:25,https://i.redd.it/bqf57lrgutbe1.jpeg,9507,finalmente chegou primeiro nike rolou atraso na entrega caixa é aparentemente velha tão reciclando caixa peguei um tamanho maior pq todo mundo falou que forma é apertada ma ficou um pouco folgado tá chovendo p krl então não dá p usar p não sujar da pra sentir que é desconfortável como falaram ma chegou depois de três ultraboost peguei meu primeiro nike provavelmente último talvez eu lance um shox futuro ma forum aparência não pareceu valer tão pena,78,Neutral
[Amick] The Dallas Mavericks are interested in acquiring Kevin Durant to pair with Kyrie Irving and Anthony Davis.,"Source: https://www.nytimes.com/athletic/6113665/2025/02/04/kevin-durant-trade-rumors-suns-warriors-nba/?source=user_shared_article Latest on Kevin Durant landscape as NBA trade deadline nears 

> League sources say the Dallas Mavericks, fresh off their Luka Dončić-for-Anthony Davis swap that sent shockwaves through the Association, have dreams of adding Durant to their Davis-Kyrie Irving-led group. While the likelihood of Dallas pulling this off now appears unlikely, the mere idea of Durant joining Dallas’ star-studded group sheds new light on the thinking of Mavericks general manager Nico Harrison after he was roundly ridiculed for the Dončić deal. Whether it’s Durant (now or later), or perhaps even the Los Angeles Lakers’ LeBron James in the summer if he were to decline his player option for next season, the 52-year-old Harrison appears to be targeting big-time stars with whom he’s very familiar from his past life as a top Nike executive. The goal, of course, is to win a championship as soon as possible.",nba,2025-02-04 23:31:14,https://www.reddit.com/r/nba/comments/1ihvxgf/amick_the_dallas_mavericks_are_interested_in/,9404,kg acbuy agent day barcelona nocta hellstar nike supreme thug club sup guy please piece personal taste dont get wrong shipping arrived quickly day think shipping good im living barcelona compare measurement im tall weigh kg im little overweight piece chose size shirt nocta road really liked quality shirt think cheaper piece buy next haul really good including tag print quality shirt also good think better yuan one nike short slveev good purchase use gym fit great nocta golf shirt excellent quality design size fit aspect shirt good different wear good style polo nocta polo collar shirt size tt comfortable notcta style shirt brand vintage shirt great price beautiful design supreme jersey brand vintage shirt great price beautiful design nike longsleev shirt good gotten size bigger really loose overall great jacket hoodie kusikohc thought beautiful first time saw quality reasonable flaw doesnt let wind penetrate good hellstar jacket insane love first sight really liked model color everything think great encounter piece everyone see wearing compliment nike hoodie nice cop short pant balenciaga short short little bigger ee blue short kneelength good comfortable perfect everyday wear ee short soft short big reach knee dont like big short might good choice dont mind good short thug clube pant pant smaller waist quite large bottom leg tight waist could little overweight cap bag belt sock supreme cap best possible cap high quality supreme bag arcteryx bag good worth price dont fit lot thing youre going carry lot object wont fit supreme belt ck belt good worth price dont fit lot thing youre going carry lot object wont fit tnf sock half edge okay,270,Positive
"Alex Eala received a sampaguita from Nike — “Kung may tinanim, may aanihin”",,Philippines,2025-06-30 12:33:47,https://www.reddit.com/gallery/1lo6cs4,5853,qc nike air max “ neon ” gx isyoushop got father law look good guy think wc whatsapp yupoo： weidian： price shipped use code noki discount,26,Positive
"Alex Eala received a sampaguita from Nike — “Kung may tinanim, may aanihin”","“The sampaguita- the flower of my country. A reminder of where I come from - and everything that brought me here.

Ang sampaguita ay paalala ng aking pinanggalingan at ng kulturang lagi kong dala-dala.

Now, thanks to Nike, I get to bring all of that with me onto Wimbledon Centre Court - bitbit ko sa bawat galaw.

Kung may tinanim, may aanihin.”

HAYYY NAPAKAGANDA MO, ALEX! 🤍",ChikaPH,2025-06-30 12:48:21,https://www.reddit.com/gallery/1lo6nad,1683,one thing nike well… know lot people upset nike handled cc someone want new damn apparel already get one thing nike well massive city ad campaign similar iowa city ncaa tourney one favorite part campus time super cool hard wrap head around scale unless see person larger life appropriate ’ wait see indy ad finished,55,Positive
Ethan modelling for Nike's Total 90,,Gunners,2025-07-01 09:40:49,https://i.redd.it/rgke3t8xg8af1.jpeg,633,qc ¥¥ air jordan x nike sb ‘ navy ’ sbp ljrb batch ’ know im sucka ljrb grade go size sbp sourced ljrb grade link post take ups weidian see ’ available b grade ljrs ljrb grade sale weidian link sbp ’ contact info •wechat sup •whatsapp •discord rep guide rookie check link ordering agent check link direct seller contact information,62,Neutral
Nike executives expect Trump tariffs to cost footwear giant $1 billion,,oregon,2025-07-01 09:27:56,https://www.opb.org/article/2025/06/30/nike-executives-trump-tariffs-footwear-1-billion-taxes/,531,collection nike sb dunk yuto kickz lucas let photo speak let know thought question comment ’ know ’ taken long get banger shout kickz lucas pair og seller always professional great communicator quick ordering qc shipping process great sourcing whichever rare pair might highly reccomend wc detail seller kickz lucas whatsapp mention username discount,54,Neutral
Cole's new Nike ad,,chelseafc,2025-07-02 19:47:42,https://youtu.be/UD_pdVO4OU4?si=A_ZTb0dKiucD8e2n,472,camperas de boca nike muchachada perdón que moleste se que e el sitio indicado espero tengan un poco de tolerancia duele pero tengo que venderlas toda talle camperas cu camperon se retira por la boca,35,Neutral
Complete Nike Air Yeezy Set (excluding samples),Just joined so figured I’d share some pictures of my Infinity Stones. 💎,yeezys,2025-07-02 00:00:58,https://www.reddit.com/gallery/1lphier,380,year collectionnikedgjordanyeezypradakobe jordan nicely shaped padded good suede accurate detailing great pick want retro heat budget nike max super comfy responsive air unit mesh breathes well shape hold great daily wear yeezy crocs wild design fit surprisingly well foam thick soft perfect chill day slide alternative ggdb dirty look intentional wellexecuted leather feel decent heel branding point passing vibe check kobe lightweight breathable solid casual hooping print pop construction feel tight overall nike max transparent panel colorful sol look like retail cool pick youre bold techrunner aesthetic nike af classic silhouette done right leather ’ toptier hold shape well distance ’ indistinguishable dg eyecatching luxelooking logo hit leather accent bring designer vibe without price tag jordan good color blocking strong toe box shape leather crease naturally stitching look clean prada sneaker sleek minimal design premiumfeeling upper branding subtle clean great upscale flex yeezy boost feel springy knit material soft flexible silhouette point solid daily wear rep,156,Positive
"Say Goodbye to Your Garmonts and Nikes | ""Better Outfitting Our Troops (BOOTS) Act"" Would Mandate All Optional Boots Be Berry-Compliant",,army,2025-07-03 17:40:32,https://www.duckworth.senate.gov/news/press-releases/duckworth-king-collins-and-budzinski-introduce-bipartisan-legislation-to-protect-our-troops-and-strengthen-domestic-manufacturing,344,nike book air zoom spiridon inspired one first colorways shown photo mockup expect pair resemble image color blocking match also come reflective detail silver upper red accent metallic swoosh black mudguard technology book feature mesh upper cushlon midsole forefoot zoom air herringboneinspired outsole zoomx sockliner another leak,47,Positive
"Big summer haul review to Europe with mycnbox (Trapstar, Stussy, Nike, Acne Studios, Gallery Dept,...)","Hi guys, welcome to my latest haul review. Total weight of the package was about 30kg, we bought it together with some friends.



We used mycnbox and shipped in 3 parcels, each was about 10kg and paid 350€ total for a all three. 



Since there are many items I will try to keep the review short. Also because there is a photo limit, if you need more detailed photos of any of the items DM me. 



Also some of the links are not working anymore so I wont be including them



Gallery dept shorts: these remind me of the EE shorts, they are pretty similar, but I feel like they are a bit thicker, but could still be a little more. The paint splashes look good and the sizing is tts

Rating: 7.5/10



Gallery Dept tees

These are really good. Probably best quality tees I ever owned.  For me the are a must cop 100%. The fit tts, if youre looking for a slimmer fit size down cuz they are baggy

Rating: 10/10



Casablanca set

This one was pretty pricey, it not mine and I dont know much about the brand. Quality is good, dont know about accuracy tho

Rating: cant rate cuz not really my style



Denim tears tee

Print is not the best, material is also pretty thin. 

Rating: 5/20



Denim tears set

This one is really nice, very thick material, looks accurate. If you like Denim Tears this is a must imo. Both fit tts

Rating: 9.5/10



Broken Planet hoodie

Print is pretty puffy but the fit is too small, cant even wear it. Size up once maybe even twice

Rating: 3/10



Broken Planet vest

Nothing special, looks nice. Kinda overpriced tho

Rating: 7/10



Acne jeans

They are very similar, quality of both is pretty nice, they are not cheap tho. They are pretty accurate. Some minor flaws but nothing big. They fit true to waist size

Rating: 8.5/10



Stussy jeans

Not the best ones, material is pretty thin. Print quality also not the best. I would pass on these 

Rating: 5/10



Acne studios tee: good quality, basic tee. Fit is a bit big, size down

Rating: 8/10 (would be higher but its basic)



Acne studios long sleeve: also pretty basic, I think you cant really go wrong with it. If you like the design go for it

Rating: 8/10 (would be higher bit its basic) 



Trapstar tee: very baggy, was expecting a slimmer fit. Definitely size down if you cop it. Print looks good. Doubt anyone will notice the brand tho

Reting: 7/10



Ami tee: again a basic tee. If you like the design its good. Not the most accurate tho but for the price that was kinda expected 

Rating: 7.5/10



Off White shorts: the print is not the best, not sure if retail is like that too , but this doesn’t look like it will last after washing

Rating: 7/10



Caps: will let the photos speak for themselves. They are all good fitting, but not the best accuracy wise, but doubt anyone will notice the flaws 



PSD underwear: its good. Similar to retail ",FashionReps,2025-07-02 15:31:33,https://www.reddit.com/gallery/1lpywfm,337,nike dallas wing li yueru explorer jersey custom order official dallas wing online store li yuerus jersey yueru given name appears therefore ordered custom wnba store run fanatic instead wanted full name jersey seven letter shorter lastfamily name many player bueckers geiselsoder ogunbowale etc jersey shipped upstate new york unpadded plastic bag ordered jersey june shipped june arrived today july almost identical timeline luisa jersey official dallas wing online store arrived yesterday fanatic used older blank jersey orange tag bottom nike size label longer used new jersey roster space due addition golden state valkyrie expansion team letter number thicker material letter dallas paige jersey jersey albert gem sponsor patch since order directly dallas wing however moment way get li yuerus full name official jersey since official online store option custom jersey,131,Neutral
Nike Vomero 18,,RunningShoeGeeks,2025-07-01 03:00:51,https://www.reddit.com/gallery/1loqzl6,285,quality control nike stockx failed verification got stockx today looked shoe realized wing logo different pair wanted get guy opinion ’ wrong quality control stockx sent rps get refund get another pair,32,Negative
Report: Tennessee switching from Nike to Adidas as apparel supplier,,CFB,2025-07-03 19:44:17,https://www.sportsbusinessjournal.com/Articles/2025/07/03/report-tennessee-switching-from-nike-to-adidas/,273,new glossier creative director maria vu nothing say “ beauty ” like nike calvin klein glossier hired new creative director zero beauty experience gon na learn ’ run beauty brand without people actually understand beauty ’ corporate either even store leadership rarely real background beauty come lululemon nordstrom target kohl ’ sure know retail ’ knowing lead beauty space expect grow beauty brand one top know speak language curious ’ think,71,Positive
Auburn is officially a Nike school!,,wde,2025-07-01 05:11:21,https://i.redd.it/pxsxclou47af1.jpeg,263,first skate themed nike since late always skater wore cheap shoe ross growing upalways buy shoe got prod since announcement little bit ago really hyped also got black gum actually skate lol would love pointer guy spot fake window shopping maybe burnt sunrise olivesdark red coming soon ’ seeing,49,Positive
Nike V2k Run,"Copped these for 7.5K from Ajio.
Very Comfortable and good looking",SneakersIndia,2025-07-01 03:27:39,https://www.reddit.com/gallery/1lori4j,217,collection nike sb dunk yuto kickz lucas let photo speak let know thought question comment ’ know ’ taken long get banger shout kickz lucas pair og seller always professional great communicator quick ordering qc shipping process great sourcing whichever rare pair might highly reccomend wc detail seller kickz lucas whatsapp mention username discount,54,Neutral
Caitlin Clark-Sponsored Nike Sneakers Sell Out in Minutes,,wnba,2025-07-01 23:04:15,https://verity.news/story/2025/caitlin-clark-nike-sneakers-sell-out-in-minutes?p=re3688,205,year collectionnikedgjordanyeezypradakobe jordan nicely shaped padded good suede accurate detailing great pick want retro heat budget nike max super comfy responsive air unit mesh breathes well shape hold great daily wear yeezy crocs wild design fit surprisingly well foam thick soft perfect chill day slide alternative ggdb dirty look intentional wellexecuted leather feel decent heel branding point passing vibe check kobe lightweight breathable solid casual hooping print pop construction feel tight overall nike max transparent panel colorful sol look like retail cool pick youre bold techrunner aesthetic nike af classic silhouette done right leather ’ toptier hold shape well distance ’ indistinguishable dg eyecatching luxelooking logo hit leather accent bring designer vibe without price tag jordan good color blocking strong toe box shape leather crease naturally stitching look clean prada sneaker sleek minimal design premiumfeeling upper branding subtle clean great upscale flex yeezy boost feel springy knit material soft flexible silhouette point solid daily wear rep,156,Positive
Auburn is a Nike School,[Official release from the school.](https://auburntigers.com/news/2025/7/1/auburn-athletics-begins-nike-era),CFB,2025-07-01 19:09:54,https://www.reddit.com/r/CFB/comments/1lpahmc/auburn_is_a_nike_school/,179,la camiseta nike de la selección alternativa para el mundial según una filtración de un sitio experto en camisetas confiable así será la equipación alternativa de uruguay hecha por nike en el mundial por primera vez se usa el negro para la alternativa habiendo tenido generalmente blanco rojo tiene un estilo black panther el cual termino de comprender si tiene alguna historia atrás e pura estética moderna innovadora el escudo en versión minimalista el logo nike parecen ser tipo tornasolados cómo la ven gastarían en ella,86,Negative
"Nike Football on Instagram: ""Have you or someone you love been skinned by @colepalmer10? Call Reputational Damage Specialists at +44-800-SKINNED today. #NikeFootball""",,chelseafc,2025-07-02 07:28:29,https://www.instagram.com/p/DLmJYBaqIi3/,159,nike mercurial vapor rosa arrived today ’ owned couple pair vapor one different material used compared one varies pair spot batch actually feel softer strong structure bending overall aesthetic true onetoone year collecting vapor different batch especially colorway change batch closest ’ seen real thing solid link,47,Positive
Patta x Nike Air Max 90 sapphire,Got the Sapphire pair in the mail and put them straight on the foot. The yellow pair is on its way. Comfortable as hell but I’m a little disappointed they used synthetic leather instead of the real deal. ,Sneakers,2025-06-30 02:24:41,https://www.reddit.com/gallery/1lnw9ty,139,find nocta x nike air force g batch panda vault seller text nocta x nike air force g batch size ’ best quality version market production shipping started today batch us topgrain cowhide leather great craftsmanship quality check fyi ’ another batch size priced rmb ’ one price ¥ mention code noki whatsapp wc yupoo yupoo：,56,Neutral
Nike Pegasus Premium,"New Peg Premium colour way, referencing the 2003 Mayfly. Back in the yonder days of running flats..",RunningShoeGeeks,2025-07-03 13:07:56,https://www.reddit.com/gallery/1lqp5gy,135,year collectionnikedgjordanyeezypradakobe jordan nicely shaped padded good suede accurate detailing great pick want retro heat budget nike max super comfy responsive air unit mesh breathes well shape hold great daily wear yeezy crocs wild design fit surprisingly well foam thick soft perfect chill day slide alternative ggdb dirty look intentional wellexecuted leather feel decent heel branding point passing vibe check kobe lightweight breathable solid casual hooping print pop construction feel tight overall nike max transparent panel colorful sol look like retail cool pick youre bold techrunner aesthetic nike af classic silhouette done right leather ’ toptier hold shape well distance ’ indistinguishable dg eyecatching luxelooking logo hit leather accent bring designer vibe without price tag jordan good color blocking strong toe box shape leather crease naturally stitching look clean prada sneaker sleek minimal design premiumfeeling upper branding subtle clean great upscale flex yeezy boost feel springy knit material soft flexible silhouette point solid daily wear rep,156,Positive
Wearing Li-Ning at the headquarters city of Nike.,Bro showcasing some rebellious spirit. ,ripcity,2025-07-01 23:21:08,https://i.redd.it/j7a1l17ajcaf1.jpeg,129,nike banner mess anyone else kinda angry zigzag gave away free fa nike people got lucky enough summon day banner people waiting fountain everyone else got absolutely nothing zigzag ’ mess give people extremely unfair advantage cause people used k fa nike instantly got k back kept nike ’ free k fa nike evertale ’ rng ’ spent k single fa unit ’ even hit hard pity k one copy unit multiple different banner make sense refund soul stone spent get keep fa character zigzag literally nothing would made sense spend s get character need take back fa character refunding s make sense ’ take back character giving people free fa unit “ apology s ” sorry messed game would give standard everyone get “ soulstones ” zigzag messed sorry ’ fault way standardized everyone get reward affected everyone equally reason zigzag thought would good idea reward certain people lucky enough trying blame shame people got refunded s ’ known advance ’ saying big wtf zigzag making decision already bad enough suspend banner cause messed coding even bigger middle finger rest player base ’ get chance summon nike banner went ’ get free fa nike like rest player base idk leaf really bad taste mouth really want skip banner together,210,Negative
NIKE Removed From Multiple Russell Growth And Defensive Indexes,"https://simplywall.st/stocks/us/consumer-durables/nyse-nke/nike/news/nike-nysenke-removed-from-multiple-russell-growth-and-defens

What does this mean for $NKE? Is it still worth long term investment given recent positive sentiment? Despite year over year decrease in sales is it time to move on from Nike? ",stocks,2025-06-30 18:42:29,https://www.reddit.com/r/stocks/comments/1lofl5l/nike_removed_from_multiple_russell_growth_and/,115,φανέλα nike season πιθανό σχέδιο για την φανέλα μας για την νέα χρονιά πρόκειται για το template nike striped division v teamwear shirt που δίδεται ως επιλογή σε πολλές ομάδες με ρίγα ωραία είναι και η νέα της inter μιλάνου με διαφορετική ρίγα που μάλλον είναι για elite κατηγορία ομάδων,50,Positive
Just got these Dunk High Sb Pineappes. Also do you guys think Nike will release anymore Dunk High SBs?,,DunksNotDead,2025-07-02 23:06:02,https://i.redd.it/tcxekmvhljaf1.jpeg,108,nike explorer dallas wing luisa geiselsoder explorer jersey right way get luisas jersey official dallas wing online shop online shop actually run campus custom headquartered connecticut operation florida jersey shipped florida unpadded plastic bag ordered jersey june shipped june arrived today june jersey sponsor patch albert gem like paige bueckers jersey probably blank jersey one point letter dallas made thicker material letter number paige jersey otherwise lettersnumbers thinner honestly im familiar heatapplication process ill extra careful jersey lol note yes get custom jersey fanatic fanaticsrun website dont allow use umlaut,90,Negative
Nike Vomero 18 Review after 160km,"decided to do a review since may nakita akong nagtatanong and may mga lumalabas na ring sale sa Lazada

Got this shoe for around 6.6k through Lazada after ng 5.5 sale. I am training for a sub2 21k and I was looking for a shoe that will help me pile up the miles.


Likes:
1. Protects my feet and legs. This is my favorite aspect ng shoe na to. Naka pag LSD na ako dito multiple times and walang kahit anong sakit during and after the run. 
2. Stable, which is kinda unexpected since mataas nga stack pero I tried strides and you can feel your foot being planted to the ground properly. Although Chunky and heavy nga so not the best for picking up the pace.
3. Price. Cheaper than other max stack shoes from other big brands. And minsan malaki din mag-sale ang Nike so you can get it cheaper pa. 
4. Bouncy. Idk but I feel like after the break in period,(and siguro nasanay na rin ako sa weight nya???) I can pick up the pace easier and I can feel the bounce more. Kung yung first run ko dito eh ramdam na ramdam yung chunkiness ng sapatos, ngayon I find it easier to pick up the pace below 6min/km(pero baka result lang din yun ng training ko idk). I used this on a 15k easy plus 3k race pace run. I was hesitant to use this shoe for this particular workout pero nakaya. 

Dislikes:
1. CHUNKY AND HEAVY - although if you compare this shoe to other max stack shoes from other brands, almost same weight lang sila. 
2. Short laces. You can still do a proper heel lock but just BARELY.

Who SHOULD buy: Someone who's looking for a shoe na mapro-protect yung feet and legs mo during and after the run especially on longer runs. I was looking exactly for that kind of shoe which will help me build up the mileage so I'm very happy with the purchase. 

Who SHOULD NOT buy: 
1. If you're looking for a do it all shoe, this is not it. Better look into something like the novablast or maybe boston
2. If you're looking for a fast shoe, this is not it.
3. This shoe is best for people na may rotation. Cause this is mainly for Easy and long runs. If you're looking to train properly, it's best to have other shoes kasi di mo magagawa lahat ng workouts kung eto lang. ",PHRunners,2025-07-02 10:21:40,https://i.redd.it/q82rfed4tfaf1.jpeg,99,orange nike check… fire ’ wait see team nike gear ’ always believed look good feel good play good kyrie pk shown,22,Positive
Maybe the most comfortable Nike i have ever worn,,Nike,2025-07-02 21:01:06,https://i.redd.it/0zxvx1y6ziaf1.jpeg,92,free nike hoka race shoe hi feel free delete allowed giving away pair carbonplated race shoe mile claimed nike zoomx vaporfly next — size men womens run smaller typically wear womens running shoe — wore half marathon speed workout pending hoka rocket x — size men womens — worn speed workout never raced pick bushwick,55,Negative
Are these Nike Triax watches on Etsy authentic?,I know they go for like $1000 on ebay but i’m wondering if these are legit?,y2kaesthetic,2025-07-01 20:46:08,https://www.reddit.com/gallery/1lpcybr,88,nike picking day reno post vid ccw worth super ironic lol know ’ tough road imo responsible gun owner skreets better,21,Neutral
Game Worn Nike 2023 Angels Throwback Jersey,,angelsbaseball,2025-06-30 14:46:54,https://www.reddit.com/gallery/1lo9eu6,88,nike pegasus premium review – first impression qc wc price yuan shipping size run slightly large using gym would go tt batch top batch aka topranking shipping time day uk via rmg package unboxing first look straight away thing came double boxed classic orange nike performance box slightly dented nothing crazy grinningsquintingface pulled shoe wow initial impression clean af upper mesh look super breathable zoom air unit bouncy clear orange hit cool definitely got “ spent lot money ” look without spending money facewithtearsofjoy ⸻ checkmarkbutton quality check shape toe shape clean taper like retail heel cup sits firm material upper breathable engineered mesh feel close ’ expect legit pegasus premium tongue padding point lace setup extra detailed double lace loop ’ pleasantly surprised good material swoosh swoosh placement solid warping floating black paint opaque correct shape size ’ seen retail comparison sole unit zoom air unit look fire – orange chamber evenly filled ’ look underpressurized warped midsole foam right density super bouncy early feel ’ run yet ’ attached photo squish brandingdetails text hit like “ pegasus premium ” tongue side tab well aligned imo inside collar sockliner also look solid material super soft around sockliner testtube fit comfort fit tt – feel true size nike running shoe snug around midfoot roomy toe box ’ worn pegasus vomero ’ similar fit personally usually size half nike considering ’ wearing exercise suggest going tt foot room breathe comfort early impression super comfortable underfoot ’ comment fully get gym session run feel promising running fire final verdict honestly price banging rep ’ looking solid runner actual performance potential deliver ’ got enough techlook accuracy pas retail glance feel great foot ’ usually hesitant run rep ’ heard mixed review longevity performance genuinely feel legit ’ super excited try would gym yep would run planning would wear casually let know ’ want update wear time – especially running gym performance runningshoe smilingfacewithsunglasses,321,Positive
Nike Pegasus Premium Review – In Depth Review & QC,Full review & W2C link in comments 😎,FashionReps,2025-07-03 12:54:25,https://www.reddit.com/gallery/1lqouqz,82,size still available snkrs nike sb dunk low pro dark team red olive flak already ordered online skateshop included free shipping would rather support even brick always certain size sell price drop,32,Neutral
"My Nike Presto ""What the presto?!""👌🏼",,Sneakers,2025-07-01 02:14:13,https://www.reddit.com/gallery/1loq2w0,76,nike missle site history know long shot connecticut native anyone know worked nike ajax nike hercules missle base im intrigued history behind nike ajaxnike hercules missle program taught school feeling wont get response intrigued,34,Positive
Nike outlet,Made a quick stop to my local Nike outlet and got some Book 1s and a new backpack.                    ,BBallShoes,2025-07-03 18:42:02,https://i.redd.it/kh90ekxafpaf1.jpeg,67,kg haul arrived miu miu stussy ac nike t pulled together bold range time—graphic tee loewe hell star bbc came clean sharp print solid quality hell star short stussy pair hit perfectly summer fit dept x lanvin jacket give nice upscale contrast finished nike max rejuvens comfort plus clean sock jersey keep vibe balanced,54,Positive
Nike Pegasus Premium REVIEW – First Impressions & QC,"W2C: In comments ⬇️
Price: 250 yuan + shipping 
Size: Run slightly large, but if you are using for the gym I would go TTS. 
Batch: Top Batch (Aka Topranking) 
Shipping time: 11 days to UK via RMG

📦 Unboxing & First Look:

Straight away, these things came double boxed in that classic orange Nike performance box, slightly dented but nothing too crazy 😆. Pulled the shoes out and wow initial impressions are clean af. Upper mesh looks breathable and structured, Zoom Air unit is bouncy and clear, and the orange hit is very cool. Definitely got that “I spent lots of money” look without spending money 😂. 

⸻

✅ Quality Check:

Shape:
Toe shape is clean and tapers off just like retail. Heel cup sits firm. 

Materials:
Upper is breathable engineered mesh, feels very close to what you’d expect on a legit Pegasus Premium. Tongue padding is on point, and the lace setup is extra detailed with those double lace loops. I’m pleasantly surprised at just how good the materials are on these! 

Swoosh:
Swoosh placement is solid, no warping or floating. Black paint is opaque and has that correct shape and size from what I’ve seen in retail comparisons.

Sole Unit:
Zoom Air unit looks 🔥 – the orange chamber is evenly filled, doesn’t look under-pressurized or warped. Midsole foam has the right density and is SUPER bouncy (early feel, haven’t run in them yet). I’ve attached photos of the squish. 

Branding/Details:
Text hits (like the “Pegasus Premium” on tongue + side tabs) are well aligned imo. Inside collar and sockliner also look solid, material is super soft around the sockliner. 

🧪 Fit & Comfort:

Fit:
TTS – feels true to size for a Nike running shoe. Snug around the midfoot, roomy toe box. If you’ve worn Pegasus 40s or Vomero 16s, it’s a similar fit. Personally I usually size down half in Nike but considering I’ll be wearing these for exercise I suggest going TTS so your feet have room to breathe. 

Comfort:
Early impressions: super comfortable underfoot. Can’t comment fully until I get a few gym sessions / runs in, but these feel very promising for running in! 

🔥 Final Verdict:

Honestly? For the price, these are a banging rep. If you’re looking for a solid runner with actual performance potential, these deliver. They’ve got enough tech/look accuracy to pass for retail at a glance and feel great on foot. I’m usually hesitant to run in reps because I’ve heard mixed reviews on longevity and performance but these genuinely feel legit & i’m super excited to try them out. 

Would I gym in them? Yep.
Would I run in them? Planning to.
Would I wear these casually? 100%.

Let me know if y’all want an update after some wear time – especially running / gym performance. 👟🔥",repweidiansneakers,2025-07-03 12:37:29,https://www.reddit.com/gallery/1lqoi2i,65,first cnfans haul bape domo palace nike vivienne westwood hello everyone first haul agent cnfans used combination taobao reverse search yupoo browsing pick item shipping line usfh product price ship price insurance packing billed weight g tariff paid facewithtongue ship timeframe — agent experience first haul everything new app intuitive could ask agent text directly confused something worked return thing sorted everything money within week agent responded day beijing time well specific pic comment nike shox great size half size wide foot intltaobao comdetaildetailhtmlid ralph lauren polo price bit high accurate listing thicker polo material better polo target weidian comitemhtmlitemid cm ferragamo belt obv real leather even sent awl punch new hole belt large buckle nice smooth intltaobao comdetaildetailhtmlid palco jersey material bit see though measured correctly fit small craftsmanship good many panel neckline barely stretched far enough get head would get another one yes ideally large size yupoo comalbumsuidissubcatefalsereferrercate intltaobao comdetaildetailhtmlid l domo shirt hard see eye shirt material quite good intltaobao comdetaildetailhtmlid domo plushie good soft domo intltaobao comdetaildetailhtmlid bape tote wish strap longer material ’ smell strongly intltaobao comdetaildetailhtmlid bape hangyodon shirt good quality fabric loose fit overly loose arm however fine text wrong contacted taurus see improved otherwise would yupoo comalbumsuidissubcatefalsereferrercate weidian comitemhtmlitemid l bape cigar shirt taurus shirt nice heavy need pas wash fabric softener yupoo comalbumsuidissubcatefalsereferrercate weidian comitemhtmlitemid l bape collar jersey great material great fit great craftsmanship neck snug tight like palco jersey yupoo comalbumsuidissubcatefalsereferrercate weidian comitemhtmlitemid xl black white bape hoodie warm heavy accurate overlocked side seam accurate double hoodie think next time need smaller size yupoo comalbumsuidissubcatefalsereferrercate taobao comdetaildetailhtmlid xl patrick short dollar lol material thin see great elastic comofferhtmlptowdeca w grey jean online seemed jaded colossus rep ’ thinking baggy wide throughout however ’ like wide straight legged fit look little flared hem think slimmer person size w less would look baggy otherwise material great heavy denim match vintage solo jean love pant sew talk intltaobao comdetaildetailhtmlidfromredirectfromautocallapp flat vivienne westwood necklace ’ nice shipping realized overpaid use taobao reverse search instead excel grid weidian comitemhtmlitemid red orb vivienne westwood necklace great inexpensive link invalid bone vivienne westwood necklace thing heavy lol taobao comdetaildetailhtmlid gift flower seller sent might put suit pocket event thank coming rep ted talk ask anything,379,Positive
Nike band on AWU,,applewatchultra,2025-06-29 16:38:48,https://i.redd.it/yaeod8do9w9f1.jpeg,64,review skateboard x nike sb lightning kick guy got pair lightning kick cant really tell color bit someone tell color accurate bit darker sneakerhead seen irl also dunk low pro logo bit otherwise build quality feel nice,37,Positive
Nike clearance in Sac 60$ each,I love my colors but can never go wrong with black and white.,airjordans,2025-07-02 08:00:26,https://i.redd.it/j7ovnoex3faf1.jpeg,63,qc ¥ nike air max corteiz – tmf seller yo guy got nike air max corteiz tmf – ¥ size eu posting qc pic shipping hear thought shape material general quality seller tmf – super responsive friendly whatsapp store link would appreciate feedback foldedhands,44,Neutral
New Nike Uniforms!,,GoBearcats,2025-07-02 13:59:52,https://www.reddit.com/gallery/1lpwllk,62,loop running supply store exclusive release nike x levi ignore shoe second fact loop little specialty store austin tx getting first dibs global release nike x levi air max wild go show nike plugging back running b running cool popular enough marketing team think make sense would big normal streetwear sneaker store like concept bodega kith etc,57,Neutral
NASCAR and Nike,"Vintage Dale Earnhardt tee, Nova Men Waxed Cargos, White Sox cap and Off White 5s",SneakerFits,2025-07-03 12:36:08,https://www.reddit.com/gallery/1lqoh0q,61,nike colorado spring altitude campis worth nike altitude camp colorado spring worth little night day thing teach good better running camp elsewhere mainly want know quality nutrition education recruiting tip give recovery sport psychology please let know thank much,39,Positive
Budget wool blends: $0.12 Nike socks vs alpine hike frostbite.,,Weidian,2025-07-03 00:59:08,https://v.redd.it/rc2l5ok85kaf1,61,qc help please nike sb dunk low mummy ¥ shipping nike sb dunk low mummy batch wtc repmaster let know guy think please thank,24,Negative
Nike Lunar Roam,"👕North Face x Brain Dead. 
🩳North Face. 
👟Nike Lunar Roam.
🧢Bristol White Sox Minor League.",SneakerFits,2025-07-02 15:44:50,https://www.reddit.com/gallery/1lpz8ry,58,wc nike pegasus premium found one seller ’ shipped warehouse responded agent week looking see anyone know find nike pegasus premium,21,Neutral
Customs BEAST mode: 100 Nike socks declared “pet bandanas” cleared!,,Weidian,2025-07-02 02:03:50,https://v.redd.it/33o6e8dwbdaf1,56,nike p silver pink bought zalando directly came unbranded box tag feel super light ’ got two fake p genuinely better quality,22,Negative
Wore Nike socks once from the promo—now I can’t go back to anything else.,,pandabuyfinds,2025-07-02 00:34:20,https://docs.google.com/spreadsheets/u/1/d/e/2PACX-1vTnt-y8bTcBLKa-FtqjFP7fkfRR6T0k7TmSLKbzRLBVLyupQ705j9oEseLo2jmrlqTAItN9Ocw1K-Ov/pubhtml?pli=1,56,nike starting multi year run decided post wall street bet mod regarded take post matter much effort put number story anyways believe bottom nike ’ next couple year listening q earnings call upmost confidence elliot hill able regain market share however quick turnaround,43,Positive
To all the nike sneakerheads!,"If you were to start your journey again which would be your first silhouette (jordans, airmaxs, dunks, afs etc.)? Since its the first one im assuming that it would not be breaking your bank, something which is a good quality and stylish sneakers to rock on. Need some recommendations!",SneakersIndia,2025-07-02 08:39:14,https://i.redd.it/vp8j9ghuafaf1.jpeg,54,wts size sb dunk yeezy nike bape jordan shoe deadstock size jordan unc size sb dunk riot size bape adidas superstar camo size nike supreme flight size yeezy knitt runner boot yeezy boot excessive glue bottom never worn included photo ship today asap shipped price provide label want let know bulk deal,52,Negative
[Collection] Nike SB Dunk Yuto from Kickz Lucas,"I will let the photos speak for themselves but let me know your thoughts or questions in the comments! Don’t know why it’s taken me so long to get these bangers.

Shout out to Kickz Lucas for this pair, an OG seller who is always professional, great communicator and quick with the ordering to QC to shipping process. Great at sourcing whichever rare pairs you might be after. Highly reccomend. 

W2C Details:

Seller: Kickz Lucas

WhatsApp: +86 139 5950 4723

Mention username for discount",sneakerreps,2025-07-02 17:18:08,https://www.reddit.com/gallery/1lq1nq3,54,wtsasics gelkayano nike vaporfly asics gel kayano new shipped nike vaporfly next w box mile shipped please dm interested zelle venmo preferably shipped wednesday,24,Neutral
"I do it like Nike, I’m psychic, I know you like it.",,lilwayne,2025-07-01 17:24:34,https://v.redd.it/l0czdgdmraaf1,53,anyone else hook snapped nike vomero ’ gutted ’ month old going run pulled strap put shoe barely used force stood ’ realised snapped upper anyone else issue,28,Neutral
"Picked up some Nike socks during the promo—honestly, I can’t believe how comfy they are.",,CoutureReps,2025-07-02 01:02:48,https://weidian.com/item.html?itemID=7280433143,53,nike dallas wing li yueru explorer jersey custom order official dallas wing online store li yuerus jersey yueru given name appears therefore ordered custom wnba store run fanatic instead wanted full name jersey seven letter shorter lastfamily name many player bueckers geiselsoder ogunbowale etc jersey shipped upstate new york unpadded plastic bag ordered jersey june shipped june arrived today july almost identical timeline luisa jersey official dallas wing online store arrived yesterday fanatic used older blank jersey orange tag bottom nike size label longer used new jersey roster space due addition golden state valkyrie expansion team letter number thicker material letter dallas paige jersey jersey albert gem sponsor patch since order directly dallas wing however moment way get li yuerus full name official jersey since official online store option custom jersey,131,Neutral
What's your favorite Nike Travis Scott model and colorway?,"Let's hear it Fam 
",travisscott,2025-07-02 20:22:37,https://i.redd.it/345i5i9csiaf1.jpeg,51,nike air max og neon review price ¥ ¥ shipping order placed june qc received june sent june arrived july gx batch og version neon got tmf stitching look perfect bubble feel solid dont retail compare dont see flaw run tt super comfortable customer service point seller replied fast despite time difference ordering easy ordered direct whatsapp paid via paypal tmf whatsapp,62,Positive
Nike Lunar Flow,,moresneakers,2025-06-30 23:22:52,https://i.redd.it/s8j4xbfoe5af1.png,51,nike long analyse nike wird den kommenden wochen sich auf € hochschleichen ihr könnt jetzt noch € anstieg mitnehmen ich kann nicht beurteilen ob die nike aktie noch mal korrigiert maximal auf € aber e kann auch sein da diese sich jetzt hoch schleicht ohne wirklich zu korrigieren maximal um € mal oder aber da den perfekten moment abzuwarten ist unsinnig nehmt euch einen soliden er hebel und nehmt euch sichere gewinne für bi wochen mit ehe ihr e bereut und euch denkt schade hätte ich einen long bei € gesetzt,91,Negative
Copped these two from Nike website,First one is Dunk and the second one  is Field General. ,SneakersIndia,2025-07-03 17:09:35,https://www.reddit.com/gallery/1lqv18k,50,please help find nike skull cap trying find something similar month point searching multiple sub reverse image search havent able find anything anyone link could find one would really appreciate thank,31,Positive
Why Nike Doesn’t Care About Canada,We all know taking Ls from Nike and SNKRS Canada is pretty much the norm. A little look at why it actually happens behind the scenes. ,SneakersCanada,2025-07-01 14:52:43,https://youtu.be/c_6nDTHV5G4,50,help identifying colorway nike air vm plus found pair nike air vapormax plus local store canada searching online found nothing exact pair color completely teal guess paleish green upper sole plastic cage uniform shade black fade pattern like model dont access shoe atm nike style code anyone know exact colorway name nike style code version thanks,56,Neutral
Auburn x Nike first look. What are your thoughts?,,auburn,2025-07-01 13:34:24,https://www.reddit.com/gallery/1lp1tnf,49,wts size d used offwhite nike blazer hallow ’ eve og shipped d pair never worn displayed lace changed complete accessory used pair great condition minimal heel drag complete accessory,30,Neutral
After gym nike dry fit,,socksoverleggings,2025-07-03 16:02:15,https://i.redd.it/415lx1jpmoaf1.jpeg,45,running nike run club peloton app simultaneously apple watch know many apps lot time data invested peloton app nike run club apps recently got apple watch still trying figure coordinate everything outdoor run treadmill run generic treadmill peloton tread apple watch would use apps phone hold phone worked fine distance speed ’ ’ outdoor run start run peloton app phone since ’ seem like start watch start run nike run club watch peloton app stop receiving heart rate data watch although pace distance still recorded everything recorded nike app treadmill run nonpeloton treadmill process case peloton app ’ seem record anything distance heart rate metric nrc app record everything fine watch idea im something wrong apple watch handle multiple apps,120,Positive
[Collection] Nike SB Dunk Yuto from Kickz Lucas,"I will let the photos speak for themselves but let me know your thoughts or questions in the comments! Don’t know why it’s taken me so long to get these bangers.

Shout out to Kickz Lucas for this pair, an OG seller who is always professional, great communicator and quick with the ordering to QC to shipping process. Great at sourcing whichever rare pairs you might be after. Highly reccomend. 

W2C Details:

Seller: Kickz Lucas

WhatsApp: +86 139 5950 4723

Mention username for discount",RepSneakerFans,2025-07-02 17:17:22,https://www.reddit.com/gallery/1lq1n04,44,mini cap haul new york yankee chicago white sox lacoste nike cap cost around ¥ € came warehouse like day parcel weighed around g shipping croatia using kakobuy europe tariffless line actual weight shipping line cost €,37,Positive
Finalmente chegou. Primeiro Nike :),"Rolou atraso na entrega, a caixa é aparentemente velha (tão reciclando caixa?), peguei um tamanho maior pq todo mundo falou que a forma é apertada mas ficou um pouco folgado, tá chovendo p krl então não dá p usar p não sujar, da pra sentir que é desconfortável como falaram...

Mas chegou. Depois de três ultraboost, peguei meu primeiro Nike. Provavelmente o último, talvez eu lance um Shox no futuro, mas fora a aparência não pareceu valer tão a pena.",SneakersBrasil,2025-06-30 21:31:09,https://www.reddit.com/gallery/1lojvyc,43,tomtnikes need help trying find particular model nike sb amazing pair nike sb wore tatter young teen believe bought around high top either number word covering entire shoe word wavy sort oil spill iridescence overall shoe dark color predominant color lettering kind dingy gold im thinking special release since cant find nike archive know sure bought directly nike website,59,Positive
[OC] Behind Nike’s latest Billions,,dataisbeautiful,2025-06-30 08:58:14,https://i.redd.it/fu3nudl741af1.png,41,nike refund method policecarlight new nike method dropped policecarlight ’ released brand new working nike method – fully tested verified real deal access private available exclusively bot ’ serious making move ’ miss backhandindexpointingright go telegram get access limited spot – first come first served,45,Positive
Looks like we actually got upgraded by Nike,Boscagli wearing drifit adv in announcement post,BrightonHoveAlbion,2025-07-02 17:13:32,https://i.redd.it/h68eavzluhaf1.jpeg,40,nike vk run goretex seems woman shoe however really like design man also found shoe size white model sure kind drawback would face wearing male experience comment,27,Positive
"7KG - ACBUY AGENT - 14 days to Barcelona - Nocta, Hellstar, Nike, Supreme, Thug Club","Sup guys! Please, some pieces are my personal taste so don't get me wrong. About the shipping, it arrived very quickly 14 days I think the shipping was good, im living in Barcelona. For you to compare the measurements I'm 1.76m tall and weigh 80kg I'm a little overweight so some pieces I chose size up. 

**\[SHIRTS\]**

1 - NOCTA DO ROAD:  I really liked the quality of these shirts, I think there are some cheaper pieces of these and I will buy them in the next haul. but these are really good, including the tags and the prints, the quality of the shirt is also very good, I think they are better than the 60/70 yuan ones. 

2 - NIKE SHORT SLVEEV: It was a good purchase to use at the gym, the fit is great. 

3 - NOCTA GOLF:  These shirts are excellent in quality, design, size, fit, and all aspects. These shirts are good and different, you can wear them with a good style.

4 - POLO NOCTA: a polo collar shirt is a size tts, very comfortable and has its own notcta style. 

5 - THE WHO SHIRT:  There is no brand, they are just vintage shirts, they are great for the price and have a beautiful design.

6 - SUPREME JERSEYS: There is no brand, they are just vintage shirts, they are great for the price and have a beautiful design

7 - NIKE LONGSLEEV: The shirts are good, I should have gotten 1 size bigger for them to be really loose, but overall it's great. 

**\[JACKETS AND HOODIE\]** 

1 - KUSIKOHC:  I thought it was beautiful the first time I saw it, the quality is reasonable, it has some flaws but it doesn't let the wind penetrate, it's good.

2 - HELLSTAR: These jackets are insane, it was love at first sight, I really liked the model, the color of everything, I think it was a great encounter with these pieces, everyone who sees me wearing them compliments me.

3 - NIKE HOODIE: very nice cop 

**\[SHORTS AND PANTS\]**

1 - BALENCIAGA SHORTS:  shorts are a little bigger than the E.E blue shorts, but they are knee-length and very good and comfortable. Perfect for everyday wear.

2 - E.E SHORTS: Very soft shorts but they are big and reach the knee, if you don't like big shorts this might not be a good choice but if you don't mind they are good shorts

3 - THUG CLUBE PANTS: These pants have a smaller waist and are quite large at the bottom of the legs. They are tight at my waist but that could be because I am a little overweight.

**\[CAPS, BAGS, BELTS AND SOCKS\]**

1 - SUPREME CAP:  They are the best possible caps and are of high quality.

2 - SUPREME BAG and ARCTERYX BAG: They are good and worth the price. They don't fit a lot of things, so if you're going to carry a lot of objects, they won't fit.

4 - SUPREME BELT and CK BELT: They are good and worth the price. They don't fit a lot of things, so if you're going to carry a lot of objects, they won't fit.

6 - TNF SOCKS: They are just half edges, is that okay",FashionReps,2025-07-03 16:55:50,https://www.reddit.com/gallery/1lquoel,39,nike aj legacy low got year back kinda forgot made purchase sitting tried recently theyre comfy wear goof cushioning side well find mid foot strap bit putting pair would look much better without place thinkingface,35,Negative
Ranking all Wizards jerseys released since Nike took over,,washingtonwizards,2025-07-01 15:06:58,https://www.reddit.com/gallery/1lp42k7,39,selling zara white sneaker nike shoe men selling three together combo zara white minimalist lace trainer uk eu extremely well maintained nike men ’ quest grey running shoe uk used well maintained nike men ’ zoom span running shoe uk barely used selling shipping ship saturday using delhivery direct please ’ reach separate shoe priced slightly higher individually,58,Neutral
"Got Nike socks during the promo—seriously, they feel like luxury socks.",,RepFashion,2025-07-02 01:09:01,https://weidian.com/item.html?itemID=7280433143,39,nike pro combat polyester hi guy bought long time ago nike pro combat sport top ’ starting fade away still sell brand new anyone know find really like top would like get new one thanks also new release combat polyester top quality,42,Positive
Nike V2K run,New Pick up! Thoughts?,Nike,2025-07-01 03:36:24,https://www.reddit.com/gallery/1lornqx,38,nike sollte nike nicht langsam mal wieder ein wenig runter gehen vor allem mit den voraussichtlich bald erhöhten zöllen hänge da seit tagen einem moderaten short drin nike geht aber eher rauf al runter,34,Negative
Customs loophole v8: 85 Nike socks declared “yarn gloves”—success log,,oopbuy,2025-07-04 02:58:48,https://oopbuy.cc/uVUVNj7W,37,anyone elses nike sneaker squeaking crazily right box bought pair nike squeaked point cant even wear anywhere son bought pair another different store different style squeak uncontrollably whats going,29,Neutral
70% off Seahawks Nike Sideline Performance Long Sleeve T-Shirts,,Seahawks,2025-07-02 05:41:31,https://fanatics.com.im/seattle-seahawks-nike-sideline-tonal-logo,37,nike zoom fly recently got new pair zf last pair torn run hurt foot much feel like foot burning think ruin running technique feel different shoe run right foot leaning left right foot leaning right also noticed side sole dirtier twothree run sole shoe torn another thing gave shin splint fast im really disappointed wonder anyone else problem,58,Negative
Got Nike socks during the sale—now I’m stocking up for the rest of the year.,,CoutureReps,2025-07-03 00:35:36,https://docs.google.com/spreadsheets/d/e/2PACX-1vTnt-y8bTcBLKa-FtqjFP7fkfRR6T0k7TmSLKbzRLBVLyupQ705j9oEseLo2jmrlqTAItN9Ocw1K-Ov/pubhtml,37,duffle bag nike brasilia hawk gym bag hello planning buy l duffle bag using travel purpose please help decide kung alin sa kanila ang ma matimbang come quality longevity worth buying drop review na mayroong nike hawk duffle bag thank po,41,Neutral
